SALE TYPE,SOLD DATE,PROPERTY TYPE,ADDRESS,CITY,STATE OR PROVINCE,ZIP OR POSTAL CODE,PRICE,BEDS,BATHS,LOCATION,SQUARE_FEET,LOT SIZE,YEAR BUILT,DAYS ON MARKET,$/SQUARE FEET,HOA/MONTH,STATUS,NEXT OPEN HOUSE START TIME,NEXT OPEN HOUSE END TIME,URL (SEE https://www.redfin.com/buy-a-home/comparative-market-analysis FOR INFO ON PRICING),SOURCE,MLS#,FAVORITE,INTERESTED,LATITUDE,LONGITUDE
MLS Listing,NA,Condo/Co-op,1234 Wilshire Blvd #121,Los Angeles,CA,90017,549500,1,1.5,C42 - Downtown L.A.,1130,71332,2006,54,486,780,Contingent,NA,NA,https://www.redfin.com/CA/Los-Angeles/1234-Wilshire-Blvd-90017/unit-121/home/12291907,CRMLS,PW23154688,N,Y,34.053194,-118.265658
MLS Listing,NA,Condo/Co-op,900 W Olympic Blvd Unit 39G,Los Angeles,CA,90015,1180350,1,2,Downtown L.A.,1260,399281,2010,1,937,2550,Active,NA,NA,https://www.redfin.com/CA/Los-Angeles/900-W-Olympic-Blvd-90015/unit-39G/home/51584748,TheMLS,23-321044,N,Y,34.0451611,-118.2666712
MLS Listing,NA,Condo/Co-op,400 S Broadway #1207,Los Angeles,CA,90013,720000,1,1,Downtown L.A.,695,36280,2021,1,1036,682,Active,NA,NA,https://www.redfin.com/CA/Los-Angeles/400-S-Broadway-90013/unit-1207/home/188036613,TheMLS,23-318315,N,Y,34.0492595,-118.2494055
MLS Listing,NA,Condo/Co-op,400 S Broadway #908,Los Angeles,CA,90013,568000,1,1,Downtown L.A.,524,36280,2021,1,1084,552,Active,NA,NA,https://www.redfin.com/CA/Los-Angeles/400-S-Broadway-90013/unit-908/home/188036612,TheMLS,23-318031,N,Y,34.0492595,-118.2494055
MLS Listing,NA,Condo/Co-op,400 Broadway #804,Los Angeles,CA,90013,508000,1,1,Downtown L.A.,524,36280,2021,1,969,552,Active,NA,NA,https://www.redfin.com/CA/Los-Angeles/400-S-Broadway-90013/unit-804/home/188036611,TheMLS,23-318043,N,Y,34.0492595,-118.2494055
MLS Listing,NA,Condo/Co-op,645-W W 9th St #505,Los Angeles,CA,90015,495000,1,1,Downtown L.A.,754,74720,2006,2,656,784,Active,October-15-2023 10:00 AM,October-15-2023 02:00 PM,https://www.redfin.com/CA/Los-Angeles/645-W-9th-St-90015/unit-505/home/21914551,TheMLS,23-321037,N,Y,34.0456361,-118.2608972
MLS Listing,NA,Condo/Co-op,1440 Veteran Ave #210,Los Angeles,CA,90024,575000,1,1,Westwood - Century City,661,96893,1972,2,870,698,Active,NA,NA,https://www.redfin.com/CA/Los-Angeles/1440-Veteran-Ave-90024/unit-210/home/6802861,TheMLS,23-320635,N,Y,34.0533214,-118.4435542
MLS Listing,NA,Condo/Co-op,889 Francisco St #3703,Los Angeles,CA,90017,927000,1,2,Downtown L.A.,920,98910,2017,2,1008,1083,Active,NA,NA,https://www.redfin.com/CA/Los-Angeles/889-Francisco-St-90017/unit-3703/home/143517898,TheMLS,23-320649,N,Y,34.0480073,-118.264768
PAST SALE,NA,Condo/Co-op,118 Astronaut Ellison S. Onizuka St #204,Los Angeles,CA,90012,568000,1,1,Downtown L.A.,668,NA,2022,3,850,773,Pending,NA,NA,https://www.redfin.com/CA/Los-Angeles/118-S-Astronaut-Ellison-Onizuka-St-90012/unit-204/home/182324749,TheMLS,22-208937,N,Y,34.0505558,-118.2418299
PAST SALE,NA,Condo/Co-op,877 Francisco St #1811,Los Angeles,CA,90017,750000,1,2,Downtown L.A.,963,128921,2017,3,779,750,Pending,NA,NA,https://www.redfin.com/CA/Los-Angeles/877-Francisco-St-90017/unit-1811/home/167455504,TheMLS,23-317317,N,Y,34.0484553,-118.2634744
MLS Listing,NA,Condo/Co-op,1155 S Grand Ave #416,Los Angeles,CA,90015,665000,1,1,Downtown L.A.,1020,52748,2008,4,652,940,Active,NA,NA,https://www.redfin.com/CA/Los-Angeles/1155-S-Grand-Ave-90015/unit-416/home/21913421,TheMLS,23-319987,N,Y,34.0405359,-118.2633243
MLS Listing,NA,Condo/Co-op,10501 Wilshire Blvd #1605,Los Angeles,CA,90024,819900,1,2,Westwood - Century City,893,42193,1963,4,918,1211,Active,NA,NA,https://www.redfin.com/CA/Los-Angeles/10501-Wilshire-Blvd-90024/unit-1605/home/17224706,TheMLS,23-319813,N,Y,34.0640529,-118.432715
PAST SALE,August-2-1999,Condo/Co-op,121 S Hope St #7,Los Angeles,CA,90012,459000,1,1,Downtown L.A.,964,67190,1980,5,476,1068,Pending,NA,NA,https://www.redfin.com/CA/Los-Angeles/121-S-Hope-St-90012/unit-7/home/6933335,TheMLS,23-318979,N,Y,34.0560037,-118.2507228
MLS Listing,NA,Condo/Co-op,10501 Wilshire Blvd #911,Los Angeles,CA,90024,675000,1,1,Westwood - Century City,784,42193,1963,5,861,1078,Active,NA,NA,https://www.redfin.com/CA/Los-Angeles/10501-Wilshire-Blvd-90024/unit-911/home/17228654,TheMLS,23-318101,N,Y,34.0640529,-118.432715
MLS Listing,NA,Condo/Co-op,1818 Kelton Ave #202,Los Angeles,CA,90025,549000,1,1,Westwood - Century City,646,6940,1974,9,850,251,Active,October-15-2023 01:00 PM,October-15-2023 04:00 PM,https://www.redfin.com/CA/Los-Angeles/1818-Kelton-Ave-90025/unit-202/home/6801035,TheMLS,23-314611,N,Y,34.048656,-118.4382635
MLS Listing,NA,Condo/Co-op,1130 S Flower St #304,Los Angeles,CA,90015,649000,1,1.5,Downtown L.A.,1366,44570,2003,10,475,1099,Active,NA,NA,https://www.redfin.com/CA/Los-Angeles/1130-S-Flower-St-90015/unit-304/home/8137180,TheMLS,23-315549,N,Y,34.042039,-118.264451
MLS Listing,NA,Condo/Co-op,2121 James M Wood Blvd #317,Los Angeles,CA,90006,339000,1,1,C42 - Downtown L.A.,450,21307,1923,10,753,330,Contingent,NA,NA,https://www.redfin.com/CA/Los-Angeles/2121-James-M-Wood-Blvd-90006/unit-317/home/12286372,CRMLS,GD23133324,N,Y,34.053990400000004,-118.2795671
MLS Listing,NA,Condo/Co-op,121 S Hope St #202,Los Angeles,CA,90012,668000,1,2,Downtown L.A.,1253,67190,1980,11,533,1099,Active,October-15-2023 12:00 PM,October-15-2023 03:00 PM,https://www.redfin.com/CA/Los-Angeles/121-S-Hope-St-90012/unit-202/home/6933356,TheMLS,23-317481,N,Y,34.0560037,-118.2507228
MLS Listing,NA,Condo/Co-op,655 S Hope St #608,Los Angeles,CA,90017,530000,1,1,Downtown L.A.,820,11674,1964,12,646,991,Active,NA,NA,https://www.redfin.com/CA/Los-Angeles/655-S-Hope-St-90017/unit-608/home/40152457,TheMLS,23-315793,N,Y,34.0483388,-118.2576416
MLS Listing,NA,Condo/Co-op,849 S Broadway #407,Los Angeles,CA,90014,820000,1,1,Downtown L.A.,1130,22844,1930,15,726,1527,Active,NA,NA,https://www.redfin.com/CA/Los-Angeles/849-S-Broadway-90014/unit-407/home/17230092,TheMLS,23-316581,N,Y,34.0428165,-118.2561113
MLS Listing,NA,Condo/Co-op,108 W 2nd St #408,Los Angeles,CA,90012,579000,1,1,Downtown L.A.,910,19153,1910,18,636,851,Active,NA,NA,https://www.redfin.com/CA/Los-Angeles/108-W-2nd-St-90012/unit-408/home/17239082,TheMLS,23-314880,N,Y,34.0509671,-118.2448504
MLS Listing,NA,Condo/Co-op,10501 Wilshire Blvd #1406,Los Angeles,CA,90024,695000,1,1,Westwood - Century City,598,42193,1963,18,1162,963,Active,NA,NA,https://www.redfin.com/CA/Los-Angeles/10501-Wilshire-Blvd-90024/unit-1406/home/21916949,TheMLS,23-314789,N,Y,34.0640529,-118.432715
MLS Listing,NA,Condo/Co-op,215 W 7th St #805,Los Angeles,CA,90014,489900,1,1,Downtown L.A.,870,15922,1911,18,563,659,Active,NA,NA,https://www.redfin.com/CA/Los-Angeles/215-W-7th-St-90014/unit-805/home/17238339,TheMLS,23-314511,N,Y,34.0449167,-118.2526731
MLS Listing,NA,Condo/Co-op,746 S Los Angeles St #903,Los Angeles,CA,90014,499000,1,1,Downtown L.A.,770,38308,1922,19,648,804,Active,October-15-2023 01:00 PM,October-15-2023 04:00 PM,https://www.redfin.com/CA/Los-Angeles/746-S-Los-Angeles-St-90014/unit-903/home/21915665,TheMLS,23-314721,N,Y,34.0421225,-118.2514289
PAST SALE,September-12-2019,Condo/Co-op,10433 Wilshire Blvd #1208,Los Angeles,CA,90024,788000,1,1.5,Westwood - Century City,1105,31459,1963,20,713,1219,Pending,NA,NA,https://www.redfin.com/CA/Los-Angeles/10433-Wilshire-Blvd-90024/unit-1208/home/6826619,TheMLS,23-311065,N,Y,34.0663496,-118.4308891
MLS Listing,NA,Condo/Co-op,1100 Wilshire Blvd #2904,Los Angeles,CA,90017,569000,1,1,Downtown L.A.,927,27098,1986,22,614,1175,Active,NA,NA,https://www.redfin.com/CA/Los-Angeles/1100-Wilshire-Blvd-90017/unit-2904/home/17237219,TheMLS,23-314255,N,Y,34.0521526,-118.2638542
MLS Listing,NA,Condo/Co-op,800 W 1st St #602,Los Angeles,CA,90012,485000,1,1,Downtown L.A.,762,106162,1968,22,636,959,Active,October-15-2023 12:00 PM,October-15-2023 03:00 PM,https://www.redfin.com/CA/Los-Angeles/800-W-1st-St-90012/unit-602/home/6933615,TheMLS,23-313639,N,Y,34.0561267,-118.2518003
MLS Listing,NA,Condo/Co-op,400 S Broadway #610,Los Angeles,CA,90013,639500,1,1,C42 - Downtown L.A.,624,36820,2021,22,1025,637,Active,NA,NA,https://www.redfin.com/CA/Los-Angeles/400-S-Broadway-90013/unit-610/home/173209337,CRMLS,AR23177705,N,Y,34.0492595,-118.2494055
MLS Listing,NA,Condo/Co-op,201 S Reno St,Los Angeles,CA,90057,479000,1,1,Downtown L.A.,669,14414,1922,22,716,248,Active,October-15-2023 02:00 PM,October-15-2023 05:00 PM,https://www.redfin.com/CA/Los-Angeles/201-S-Reno-St-90057/home/174665354,TheMLS,23-314237,N,Y,34.069847,-118.2824506
MLS Listing,NA,Condo/Co-op,746 S Los Angeles St #201,Los Angeles,CA,90014,525000,1,1,Downtown L.A.,1130,NA,1922,22,465,897,Active,NA,NA,https://www.redfin.com/CA/Los-Angeles/746-S-Los-Angeles-St-90014/unit-201/home/21917435,TheMLS,23-314105,N,Y,34.0421225,-118.2514289
MLS Listing,NA,Condo/Co-op,746 S Los Angeles St #704,Los Angeles,CA,90014,515000,1,1,Downtown L.A.,1011,NA,1922,22,509,866,Active,NA,NA,https://www.redfin.com/CA/Los-Angeles/746-S-Los-Angeles-St-90014/unit-704/home/21915268,TheMLS,23-314107,N,Y,34.0421225,-118.2514289
MLS Listing,NA,Condo/Co-op,10335 Wilshire Blvd,Los Angeles,CA,90024,1995000,1,1,Westwood - Century City,1119,13511,1935,24,1783,1278,Active,NA,NA,https://www.redfin.com/CA/Los-Angeles/10335-Wilshire-Blvd-90024/home/8143111,TheMLS,23-312749,N,Y,34.0681564,-118.427158
MLS Listing,NA,Condo/Co-op,1155 S Grand Ave #1107,Los Angeles,CA,90015,680000,1,1,Downtown L.A.,970,52748,2008,24,701,931,Active,NA,NA,https://www.redfin.com/CA/Los-Angeles/1155-S-Grand-Ave-90015/unit-1107/home/21913259,TheMLS,23-312833,N,Y,34.0405359,-118.2633243
MLS Listing,NA,Condo/Co-op,849 S Broadway #308,Los Angeles,CA,90014,1475000,1,2,Downtown L.A.,1540,22844,1930,25,958,1303,Active,NA,NA,https://www.redfin.com/CA/Los-Angeles/849-S-Broadway-90014/unit-308/home/17230110,TheMLS,23-305443,N,Y,34.0428165,-118.2561113
MLS Listing,NA,Condo/Co-op,108 W 2nd St #903,Los Angeles,CA,90012,525000,1,1,Downtown L.A.,790,19153,1910,25,665,610,Active,October-15-2023 02:00 PM,October-15-2023 04:00 PM,https://www.redfin.com/CA/Los-Angeles/108-W-2nd-St-90012/unit-903/home/17239049,TheMLS,23-312947,N,Y,34.0509671,-118.2448504
MLS Listing,NA,Condo/Co-op,400 S La Fayette Park Pl #314,Los Angeles,CA,90057,435000,1,2,Downtown L.A.,886,28375,1970,26,491,300,Active,October-15-2023 01:00 PM,October-15-2023 04:00 PM,https://www.redfin.com/CA/Los-Angeles/400-S-La-Fayette-Park-Pl-90057/unit-314/home/6935200,TheMLS,23-312779,N,Y,34.0652295,-118.2810778
MLS Listing,NA,Condo/Co-op,10501 Wilshire Blvd #1105,Los Angeles,CA,90024,850000,1,2,Westwood - Century City,893,42193,1963,26,952,1211,Active,NA,NA,https://www.redfin.com/CA/Los-Angeles/10501-Wilshire-Blvd-90024/unit-1105/home/17232204,TheMLS,23-312479,N,Y,34.0640529,-118.432715
MLS Listing,NA,Condo/Co-op,1234 Wilshire Blvd #330,Los Angeles,CA,90017,555000,1,1,Downtown L.A.,830,71332,2006,26,669,716,Active,NA,NA,https://www.redfin.com/CA/Los-Angeles/1234-Wilshire-Blvd-90017/unit-330/home/12286893,TheMLS,23-312447,N,Y,34.0532098,-118.2659385
MLS Listing,NA,Condo/Co-op,889 Francisco St #2109,Los Angeles,CA,90017,990000,1,1.5,C42 - Downtown L.A.,980,98910,2017,27,1010,1165,Active,NA,NA,https://www.redfin.com/CA/Los-Angeles/889-Francisco-St-90017/unit-2109/home/142687148,CRMLS,PF23174262,N,Y,34.0480073,-118.264768
MLS Listing,NA,Condo/Co-op,645 W 9th St #528,Los Angeles,CA,90015,469000,1,1,Downtown L.A.,720,74720,2006,28,651,790,Active,NA,NA,https://www.redfin.com/CA/Los-Angeles/645-W-9th-St-90015/unit-528/home/17231830,TheMLS,23-305791,N,Y,34.0456361,-118.2608972
MLS Listing,NA,Condo/Co-op,10751 Wilshire Blvd #609,Los Angeles,CA,90024,710000,1,1.5,Westwood - Century City,929,17823,1972,29,764,820,Active,NA,NA,https://www.redfin.com/CA/Los-Angeles/10751-Wilshire-Blvd-90024/unit-609/home/6825317,TheMLS,23-311077,N,Y,34.060632,-118.438372
MLS Listing,NA,Condo/Co-op,1100 S Hope St #1313,Los Angeles,CA,90015,574900,1,1,Downtown L.A.,740,41205,2007,29,777,841,Active,October-15-2023 01:00 PM,October-15-2023 04:00 PM,https://www.redfin.com/CA/Los-Angeles/1100-S-Hope-St-90015/unit-1313/home/17139170,TheMLS,23-311807,N,Y,34.0418431,-118.2632115
MLS Listing,NA,Condo/Co-op,889 Francisco St #3809,Los Angeles,CA,90017,1495000,1,1.5,C42 - Downtown L.A.,1053,NA,2017,29,1420,829,Active,NA,NA,https://www.redfin.com/CA/Los-Angeles/889-Francisco-St-90017/unit-3809/home/143519501,CRMLS,AR23163954,N,Y,34.0480073,-118.264768
MLS Listing,NA,Condo/Co-op,900 W Olympic Blvd Unit 30C,Los Angeles,CA,90015,1138000,1,2,C42 - Downtown L.A.,1270,399281,2010,30,896,2529,Active,NA,NA,https://www.redfin.com/CA/Los-Angeles/900-W-Olympic-Blvd-90015/unit-30C/home/40371602,CRMLS,PV23169420,N,Y,34.0451611,-118.2666712
MLS Listing,NA,Condo/Co-op,10590 Wilshire Blvd Unit 2B,Los Angeles,CA,90024,155000,1,1,Westwood - Century City,202,20947,1976,30,767,232,Active,NA,NA,https://www.redfin.com/CA/Los-Angeles/10590-Wilshire-Blvd-90024/unit-2B/home/180096879,TheMLS,23-311141,N,Y,34.0612926,-118.43315
MLS Listing,NA,Condo/Co-op,655 S Hope St #601,Los Angeles,CA,90017,495000,1,1,C42 - Downtown L.A.,740,11674,1964,32,669,933,Active,NA,NA,https://www.redfin.com/CA/Los-Angeles/655-S-Hope-St-90017/unit-601/home/28646533,CRMLS,TR23170218,N,Y,34.0483388,-118.2576416
MLS Listing,NA,Condo/Co-op,1100 S Hope St #510,Los Angeles,CA,90015,668888,1,1,Downtown L.A.,1048,41205,2007,35,638,770,Active,NA,NA,https://www.redfin.com/CA/Los-Angeles/1100-S-Hope-St-90015/unit-510/home/17232459,TheMLS,23-309727,N,Y,34.0418431,-118.2632115
MLS Listing,NA,Condo/Co-op,1234 Wilshire Blvd #226,Los Angeles,CA,90017,467000,1,1,C42 - Downtown L.A.,690,71332,2006,36,677,686,Active,October-15-2023 01:00 PM,October-15-2023 04:00 PM,https://www.redfin.com/CA/Los-Angeles/1234-Wilshire-Blvd-90017/unit-226/home/12292633,CRMLS,P1-14989,N,Y,34.0532098,-118.2659385
MLS Listing,NA,Condo/Co-op,312 W 5th St #1118,Los Angeles,CA,90013,735000,1,1,Downtown L.A.,1215,27285,1923,36,605,405,Active,NA,NA,https://www.redfin.com/CA/Los-Angeles/312-W-5th-St-90013/unit-1118/home/8152778,TheMLS,23-307807,N,Y,34.0480407,-118.2512918
MLS Listing,NA,Condo/Co-op,2160 Century Park Unit 2101N,Los Angeles,CA,90067,665000,1,1,Westwood - Century City,832,223035,1966,36,799,953,Active,NA,NA,https://www.redfin.com/CA/Los-Angeles/2160-Century-Park-E-90067/unit-2101N/home/6808794,TheMLS,23-305941,N,Y,34.0585574,-118.4112443
MLS Listing,NA,Condo/Co-op,800 W 1st St #2206,Los Angeles,CA,90012,488888,1,1,Downtown L.A.,735,106162,1968,37,665,1034,Active,NA,NA,https://www.redfin.com/CA/Los-Angeles/800-W-1st-St-90012/unit-2206/home/6933777,TheMLS,23-308835,N,Y,34.0561267,-118.2518003
MLS Listing,NA,Condo/Co-op,1100 Wilshire Blvd #2707,Los Angeles,CA,90017,575000,1,1,C42 - Downtown L.A.,800,27098,1986,41,719,1158,Active,NA,NA,https://www.redfin.com/CA/Los-Angeles/1100-Wilshire-Blvd-90017/unit-2707/home/17237675,CRMLS,OC23165108,N,Y,34.0521526,-118.2638542
MLS Listing,NA,Condo/Co-op,889 Francisco St #2210,Los Angeles,CA,90017,789000,1,1,Downtown L.A.,750,98910,2017,43,1052,800,Active,NA,NA,https://www.redfin.com/CA/Los-Angeles/889-Francisco-St-90017/unit-2210/home/118749481,TheMLS,23-291607,N,Y,34.0480073,-118.264768
MLS Listing,NA,Condo/Co-op,889 Francisco St #1811,Los Angeles,CA,90017,699000,1,2,C42 - Downtown L.A.,870,98910,2017,45,803,1051,Active,NA,NA,https://www.redfin.com/CA/Los-Angeles/889-Francisco-St-90017/unit-1811/home/143517886,CRMLS,OC23161745,N,Y,34.0480073,-118.264768
PAST SALE,April-16-2008,Condo/Co-op,10701 Wilshire Blvd #402,Los Angeles,CA,90024,725000,1,1.5,Westwood - Century City,934,18363,1964,46,776,1068,Pending,NA,NA,https://www.redfin.com/CA/Los-Angeles/10701-Wilshire-Blvd-90024/unit-402/home/6825576,TheMLS,23-297285,N,Y,34.0611873,-118.4361887
MLS Listing,NA,Condo/Co-op,1100 S Hope St #1207,Los Angeles,CA,90015,594900,1,1,C42 - Downtown L.A.,860,41205,2007,46,692,855,Active,NA,NA,https://www.redfin.com/CA/Los-Angeles/1100-S-Hope-St-90015/unit-1207/home/17139914,CRMLS,SR23161710,N,Y,34.0418431,-118.2632115
PAST SALE,NA,Condo/Co-op,630 W 6th St #512,Los Angeles,CA,90017,370000,1,1,C42 - Downtown L.A.,610,26607,1962,47,607,717,Pending,NA,NA,https://www.redfin.com/CA/Los-Angeles/630-W-6th-St-90017/unit-512/home/17236094,CRMLS,SB23141279,N,Y,34.0491192,-118.2564635
MLS Listing,NA,Condo/Co-op,10982 Roebling Ave #504,Los Angeles,CA,90024,725000,1,1,Westwood - Century City,726,79794,1973,51,999,487,Active,NA,NA,https://www.redfin.com/CA/Los-Angeles/10982-Roebling-Ave-90024/unit-504/home/8102374,TheMLS,23-304605,N,Y,34.0642691,-118.449606
MLS Listing,NA,Condo/Co-op,630 W 6th St #211,Los Angeles,CA,90017,448000,1,1,Downtown L.A.,680,26607,1962,51,659,725,Active,NA,NA,https://www.redfin.com/CA/Los-Angeles/630-W-6th-St-90017/unit-211/home/12289190,TheMLS,23-304359,N,Y,34.0491192,-118.2564635
MLS Listing,NA,Condo/Co-op,460 S Spring St #1016,Los Angeles,CA,90013,500000,1,1,Downtown L.A.,734,NA,1912,51,681,695,Contingent,NA,NA,https://www.redfin.com/CA/Los-Angeles/460-S-Spring-St-90013/unit-1016/home/17226467,TheMLS,23-304327,N,Y,34.0475743,-118.249297
MLS Listing,NA,Condo/Co-op,1440 Veteran Ave #258,Los Angeles,CA,90024,605000,1,1,Westwood - Century City,690,96863,1972,51,877,830,Contingent,NA,NA,https://www.redfin.com/CA/Los-Angeles/1440-Veteran-Ave-90024/unit-258/home/6802909,TheMLS,23-303855,N,Y,34.0533214,-118.4435542
MLS Listing,NA,Condo/Co-op,121 S Hope St #10,Los Angeles,CA,90012,678000,1,2,Downtown L.A.,1394,67190,1980,51,486,1099,Active,October-15-2023 02:00 PM,October-15-2023 04:00 PM,https://www.redfin.com/CA/Los-Angeles/121-S-Hope-St-90012/unit-10/home/6933338,TheMLS,23-304189,N,Y,34.0560037,-118.2507228
MLS Listing,NA,Condo/Co-op,420 S San Pedro St #617,Los Angeles,CA,90013,585000,1,1,Downtown L.A.,1020,76389,1922,52,574,746,Active,NA,NA,https://www.redfin.com/CA/Los-Angeles/420-S-San-Pedro-St-90013/unit-617/home/12289217,TheMLS,23-304161,N,Y,34.0450576,-118.2427032
PAST SALE,June-18-2013,Condo/Co-op,1100 Wilshire Blvd #3003,Los Angeles,CA,90017,525000,1,1,C42 - Downtown L.A.,750,NA,1986,53,700,1135,Pending,NA,NA,https://www.redfin.com/CA/Los-Angeles/1100-Wilshire-Blvd-90017/unit-3003/home/17237674,CRMLS,P1-14717,N,Y,34.0521526,-118.2638542
MLS Listing,NA,Condo/Co-op,655 S Hope St #1203,Los Angeles,CA,90017,489000,1,1,Downtown L.A.,600,11674,1964,53,815,897,Active,October-15-2023 02:00 PM,October-15-2023 05:00 PM,https://www.redfin.com/CA/Los-Angeles/655-S-Hope-St-90017/unit-1203/home/40005039,TheMLS,23-295675,N,Y,34.0483388,-118.2576416
MLS Listing,NA,Condo/Co-op,1100 Wilshire Blvd #2608,Los Angeles,CA,90017,525000,1,1,Downtown L.A.,820,27098,1986,54,640,1165,Active,NA,NA,https://www.redfin.com/CA/Los-Angeles/1100-Wilshire-Blvd-90017/unit-2608/home/17237290,TheMLS,23-301756,N,Y,34.0521526,-118.2638542
MLS Listing,NA,Condo/Co-op,645 W 9th St #401,Los Angeles,CA,90015,455000,1,1,Downtown L.A.,600,74720,2006,56,758,783,Active,October-15-2023 02:00 PM,October-15-2023 05:00 PM,https://www.redfin.com/CA/Los-Angeles/645-W-9th-St-90015/unit-401/home/17233255,TheMLS,23-302659,N,Y,34.0456361,-118.2608972
MLS Listing,NA,Condo/Co-op,877 Francisco St #1507,Los Angeles,CA,90017,767000,1,1,C42 - Downtown L.A.,870,128921,2017,57,882,1000,Active,NA,NA,https://www.redfin.com/CA/Los-Angeles/877-Francisco-St-90017/unit-1507/home/167455486,CRMLS,AR23155398,N,Y,34.0484553,-118.2634744
MLS Listing,NA,Condo/Co-op,889 Francisco St #911,Los Angeles,CA,90017,799000,1,1.5,Downtown L.A.,870,98914,2017,57,918,892,Active,NA,NA,https://www.redfin.com/CA/Los-Angeles/889-Francisco-St-90017/unit-911/home/142687142,TheMLS,23-302553,N,Y,34.0480073,-118.264768
MLS Listing,NA,Condo/Co-op,889 S Francisco St #810,Los Angeles,CA,90017,690000,1,1,Downtown L.A.,750,98914,2017,57,920,947,Active,NA,NA,https://www.redfin.com/CA/Los-Angeles/889-Francisco-St-90017/unit-810/home/143121747,TheMLS,23-302549,N,Y,34.0480073,-118.264768
MLS Listing,NA,Condo/Co-op,901 S Flower St #503,Los Angeles,CA,90015,725000,1,1,Downtown L.A.,930,65428,2009,57,780,426,Active,NA,NA,https://www.redfin.com/CA/Los-Angeles/901-S-Flower-St-90015/unit-503/home/28913112,TheMLS,23-300477,N,Y,34.045451,-118.2622063
MLS Listing,NA,Condo/Co-op,1850 Industrial St #701,Los Angeles,CA,90021,2399000,1,2.5,Downtown L.A.,2030,31620,1925,59,1182,1075,Active,NA,NA,https://www.redfin.com/CA/Los-Angeles/1850-E-Industrial-St-90021/unit-701/home/17232243,TheMLS,23-301679,N,Y,34.0354763,-118.2327896
MLS Listing,NA,Condo/Co-op,1850 Industrial St #702,Los Angeles,CA,90021,925000,1,1,Downtown L.A.,620,31620,1925,59,1492,786,Active,NA,NA,https://www.redfin.com/CA/Los-Angeles/1850-E-Industrial-St-90021/unit-702/home/17227644,TheMLS,23-301691,N,Y,34.0354763,-118.2327896
MLS Listing,NA,Condo/Co-op,630 W 6th St #307,Los Angeles,CA,90017,425000,1,1,C42 - Downtown L.A.,680,26571,1962,59,625,725,Active,NA,NA,https://www.redfin.com/CA/Los-Angeles/630-W-6th-St-90017/unit-307/home/12286022,CRMLS,WS23110984,N,Y,34.0491192,-118.2564635
MLS Listing,NA,Condo/Co-op,1050 S Grand Ave #2005,Los Angeles,CA,90015,650000,1,1,Downtown L.A.,686,21902,2017,60,948,750,Active,NA,NA,https://www.redfin.com/CA/Los-Angeles/1050-S-Grand-Ave-90015/unit-2005/home/143044267,TheMLS,23-292857,N,Y,34.0416367,-118.261515
MLS Listing,NA,Condo/Co-op,312-W 5th St #902,Los Angeles,CA,90013,449000,1,1,C42 - Downtown L.A.,890,27442,1923,60,504,360,Active,NA,NA,https://www.redfin.com/CA/Los-Angeles/312-W-5th-St-90013/unit-902/home/12172894,CRMLS,SR23149300,N,Y,34.0480407,-118.2512918
MLS Listing,NA,Condo/Co-op,877 Francisco St #2802,Los Angeles,CA,90017,998000,1,1,C42 - Downtown L.A.,823,128921,2017,60,1213,760,Active,NA,NA,https://www.redfin.com/CA/Los-Angeles/877-Francisco-St-90017/unit-2802/home/167455536,CRMLS,AR23151803,N,Y,34.0484553,-118.2634744
MLS Listing,NA,Condo/Co-op,889 Francisco St Unit 3109,Los Angeles,CA,90017,1590000,1,2,C42 - Downtown L.A.,1053,98914,2017,60,1510,NA,Active,NA,NA,https://www.redfin.com/CA/Los-Angeles/889-Francisco-St-90017/unit-3109/home/143519447,CRMLS,WS23142540,N,Y,34.0480073,-118.264768
MLS Listing,NA,Condo/Co-op,738 S Los Angeles St #501,Los Angeles,CA,90014,579000,1,1,Downtown L.A.,960,38308,1914,61,603,859,Active,NA,NA,https://www.redfin.com/CA/Los-Angeles/738-S-Los-Angeles-St-90014/unit-501/home/22949694,TheMLS,23-300663,N,Y,34.0423549,-118.2513914
MLS Listing,NA,Condo/Co-op,655 S Hope St #1403,Los Angeles,CA,90017,489500,1,1,C42 - Downtown L.A.,530,11674,1964,61,924,897,Active,NA,NA,https://www.redfin.com/CA/Los-Angeles/655-S-Hope-St-90017/unit-1403/home/28610971,CRMLS,SR23142077,N,Y,34.0483388,-118.2576416
MLS Listing,NA,Condo/Co-op,400 S Broadway #917,Los Angeles,CA,90013,580000,1,1,C42 - Downtown L.A.,599,36280,2021,63,968,565,Active,NA,NA,https://www.redfin.com/CA/Los-Angeles/400-S-Broadway-90013/unit-917/home/173209409,CRMLS,OC23150289,N,Y,34.0492595,-118.2494055
PAST SALE,June-25-2013,Condo/Co-op,1155 S Grand Ave #523,Los Angeles,CA,90015,700000,1,1,Downtown L.A.,1170,52748,2008,64,598,950,Pending,NA,NA,https://www.redfin.com/CA/Los-Angeles/1155-S-Grand-Ave-90015/unit-523/home/21917598,TheMLS,23-299429,N,Y,34.0405359,-118.2633243
MLS Listing,NA,Condo/Co-op,527 Molino St #123,Los Angeles,CA,90013,750000,1,1,C42 - Downtown L.A.,860,37034,2014,64,872,487,Contingent,NA,NA,https://www.redfin.com/CA/Los-Angeles/527-Molino-St-90013/unit-123/home/103725529,CRMLS,PW23149346,N,Y,34.0409528,-118.2341153
MLS Listing,NA,Condo/Co-op,312 W 5th St #1122,Los Angeles,CA,90013,474900,1,1,C42 - Downtown L.A.,670,27285,1923,66,709,317,Active,NA,NA,https://www.redfin.com/CA/Los-Angeles/312-W-5th-St-90013/unit-1122/home/17238525,CRMLS,CV23146716,N,Y,34.0480407,-118.2512918
MLS Listing,NA,Condo/Co-op,939 S Broadway #514,Los Angeles,CA,90015,569000,1,1,Downtown L.A.,995,NA,1925,66,572,607,Active,NA,NA,https://www.redfin.com/CA/Los-Angeles/939-S-Broadway-90015/unit-514/home/173208841,TheMLS,23-299325,N,Y,34.0416129,-118.2571335
MLS Listing,NA,Condo/Co-op,312 W 5th St #1115,Los Angeles,CA,90013,589000,1,1,C42 - Downtown L.A.,990,27285,1923,70,595,375,Active,NA,NA,https://www.redfin.com/CA/Los-Angeles/312-W-5th-St-90013/unit-1115/home/8163468,CRMLS,AR23139312,N,Y,34.0480407,-118.2512918
MLS Listing,NA,Condo/Co-op,10433 Wilshire Blvd #405,Los Angeles,CA,90024,675000,1,1,Westwood - Century City,873,31459,1963,71,773,972,Active,NA,NA,https://www.redfin.com/CA/Los-Angeles/10433-Wilshire-Blvd-90024/unit-405/home/6826541,TheMLS,23-296261,N,Y,34.0663496,-118.4308891
MLS Listing,NA,Condo/Co-op,400 S Broadway #1314,Los Angeles,CA,90013,769000,1,1,C42 - Downtown L.A.,903,NA,2021,72,852,782,Active,NA,NA,https://www.redfin.com/CA/Los-Angeles/400-S-Broadway-90013/unit-1314/home/173209479,CRMLS,P1-14599,N,Y,34.0492595,-118.2494055
MLS Listing,NA,Condo/Co-op,1111 S Grand Ave #411,Los Angeles,CA,90015,635000,1,1,Downtown L.A.,930,38726,2005,73,683,857,Active,NA,NA,https://www.redfin.com/CA/Los-Angeles/1111-S-Grand-Ave-90015/unit-411/home/12292514,TheMLS,23-297199,N,Y,34.0414052,-118.2625906
MLS Listing,NA,Condo/Co-op,312 W 5th St #507,Los Angeles,CA,90013,399995,1,1,C42 - Downtown L.A.,860,27285,1923,73,465,341,Active,NA,NA,https://www.redfin.com/CA/Los-Angeles/312-W-5th-St-90013/unit-507/home/8181092,CRMLS,OC23142863,N,Y,34.0480407,-118.2512918
MLS Listing,NA,Condo/Co-op,1100 S Hope St #1215,Los Angeles,CA,90015,895000,1,2,Downtown L.A.,1110,41205,2007,74,806,882,Active,NA,NA,https://www.redfin.com/CA/Los-Angeles/1100-S-Hope-St-90015/unit-1215/home/17230086,TheMLS,23-296133,N,Y,34.0418431,-118.2632115
MLS Listing,NA,Condo/Co-op,2121 James M Wood Blvd #105,Los Angeles,CA,90006,335000,1,1,C42 - Downtown L.A.,460,21307,1923,75,728,247,Active,NA,NA,https://www.redfin.com/CA/Los-Angeles/2121-James-M-Wood-Blvd-90006/unit-105/home/12292584,CRMLS,SR23141403,N,Y,34.053990400000004,-118.2795671
MLS Listing,NA,Condo/Co-op,1155 S Grand Ave #816,Los Angeles,CA,90015,898000,1,1.5,C42 - Downtown L.A.,1400,52748,2008,75,641,968,Active,NA,NA,https://www.redfin.com/CA/Los-Angeles/1155-S-Grand-Ave-90015/unit-816/home/21916243,CRMLS,TR23129027,N,Y,34.0405359,-118.2633243
MLS Listing,NA,Condo/Co-op,416 S Spring St #306,Los Angeles,CA,90013,549000,1,2,Downtown L.A.,1030,10334,1914,75,533,901,Contingent,NA,NA,https://www.redfin.com/CA/Los-Angeles/416-S-Spring-St-90013/unit-306/home/21913134,TheMLS,23-288179,N,Y,34.0483422,-118.2484769
PAST SALE,March-13-2020,Condo/Co-op,939 S Broadway #202,Los Angeles,CA,90015,540000,1,1,C42 - Downtown L.A.,660,15493,2019,77,818,483,Pending,NA,NA,https://www.redfin.com/CA/Los-Angeles/939-S-Broadway-90015/unit-202/home/171819034,CRMLS,SR23126232,N,Y,34.0416129,-118.2571335
MLS Listing,NA,Condo/Co-op,222 S Central Ave #316,Los Angeles,CA,90012,525000,1,1,C42 - Downtown L.A.,850,87054,1985,77,618,492,Active,NA,NA,https://www.redfin.com/CA/Los-Angeles/222-S-Central-Ave-90012/unit-316/home/6937116,CRMLS,WS23135119,N,Y,34.0464655,-118.2388199
MLS Listing,NA,Condo/Co-op,1234 Wilshire Blvd #508,Los Angeles,CA,90017,499000,1,1,Downtown L.A.,650,71332,2006,79,768,683,Contingent,NA,NA,https://www.redfin.com/CA/Los-Angeles/1234-Wilshire-Blvd-90017/unit-508/home/12293471,TheMLS,23-295174,N,Y,34.0532098,-118.2659385
MLS Listing,NA,Condo/Co-op,849 S Broadway #608,Los Angeles,CA,90014,1150000,1,2,Downtown L.A.,1540,22844,1930,79,747,1303,Active,NA,NA,https://www.redfin.com/CA/Los-Angeles/849-S-Broadway-90014/unit-608/home/21913696,TheMLS,23-295129,N,Y,34.0428165,-118.2561113
MLS Listing,NA,Condo/Co-op,849 S Broadway #307,Los Angeles,CA,90014,849000,1,1,Downtown L.A.,1110,22844,1930,81,765,1204,Active,NA,NA,https://www.redfin.com/CA/Los-Angeles/849-S-Broadway-90014/unit-307/home/17227527,TheMLS,23-294095,N,Y,34.0428165,-118.2561113
MLS Listing,NA,Condo/Co-op,900 W Olympic Blvd Unit 37E,Los Angeles,CA,90015,995000,1,2,Downtown L.A.,1100,399281,2010,81,905,2500,Active,NA,NA,https://www.redfin.com/CA/Los-Angeles/900-W-Olympic-Blvd-90015/unit-37E/home/51584626,TheMLS,23-294103,N,Y,34.0451611,-118.2666712
MLS Listing,NA,Condo/Co-op,1155 S Grand Ave #1505,Los Angeles,CA,90015,660000,1,1,Downtown L.A.,920,52748,2008,83,717,928,Active,NA,NA,https://www.redfin.com/CA/Los-Angeles/1155-S-Grand-Ave-90015/unit-1505/home/21914560,TheMLS,23-279081,N,Y,34.0405359,-118.2633243
MLS Listing,NA,Condo/Co-op,1155 S Grand Ave #316,Los Angeles,CA,90015,635000,1,1,Downtown L.A.,1020,52748,2008,83,623,850,Active,October-15-2023 02:00 PM,October-15-2023 05:00 PM,https://www.redfin.com/CA/Los-Angeles/1155-S-Grand-Ave-90015/unit-316/home/21920821,TheMLS,23-293521,N,Y,34.0405359,-118.2633243
MLS Listing,NA,Condo/Co-op,1850 Industrial St #306,Los Angeles,CA,90021,989000,1,1,Downtown L.A.,1147,31620,1925,85,862,892,Active,NA,NA,https://www.redfin.com/CA/Los-Angeles/1850-E-Industrial-St-90021/unit-306/home/17139464,TheMLS,23-293057,N,Y,34.0354763,-118.2327896
PAST SALE,January-12-2005,Condo/Co-op,4125 S Figueroa St #215,Los Angeles,CA,90037,375000,1,1,Downtown L.A.,538,39267,1927,87,697,437,Pending,NA,NA,https://www.redfin.com/CA/Los-Angeles/4125-S-Figueroa-St-90037/unit-215/home/108610816,TheMLS,23-262531,N,Y,34.0091315,-118.2831528
MLS Listing,NA,Condo/Co-op,312 W 5th St #921,Los Angeles,CA,90013,350000,1,1,Downtown L.A.,500,27285,1923,88,700,279,Active,NA,NA,https://www.redfin.com/CA/Los-Angeles/312-W-5th-St-90013/unit-921/home/8184074,TheMLS,22-223557,N,Y,34.0480407,-118.2512918
MLS Listing,NA,Condo/Co-op,420 S San Pedro St #606,Los Angeles,CA,90013,498000,1,1,Downtown L.A.,952,NA,1922,89,523,680,Contingent,NA,NA,https://www.redfin.com/CA/Los-Angeles/420-S-San-Pedro-St-90013/unit-606/home/16885088,TheMLS,23-290927,N,Y,34.0450576,-118.2427032
MLS Listing,NA,Condo/Co-op,253 S Broadway #307,Los Angeles,CA,90012,630000,1,1,C42 - Downtown L.A.,1000,13323,1897,89,630,744,Active,NA,NA,https://www.redfin.com/CA/Los-Angeles/253-S-Broadway-90012/unit-307/home/17235025,CRMLS,SB23127753,N,Y,34.0513191,-118.2483136
PAST SALE,July-11-2019,Condo/Co-op,4125 South Figueroa St #114,Los Angeles,CA,90037,350000,1,1,C42 - Downtown L.A.,538,39267,1927,93,651,437,Pending,NA,NA,https://www.redfin.com/CA/Los-Angeles/4125-S-Figueroa-St-90037/unit-114/home/108611499,CRMLS,OC23048840,N,Y,34.0091315,-118.2831528
MLS Listing,NA,Condo/Co-op,2025 Avenue Of The Stars #1202,Los Angeles,CA,90067,3750000,1,1.5,Westwood - Century City,1542,NA,1965,95,2432,2674,Active,NA,NA,https://www.redfin.com/CA/Los-Angeles/2025-Avenue-of-the-Stars-90067/unit-1202/home/176138454,TheMLS,23-289207,N,Y,34.0572178,-118.4156257
MLS Listing,NA,Condo/Co-op,211 Elm Ct Unit 14C,Los Angeles,CA,90067,1899000,1,1,Westwood - Century City,972,NA,NA,96,1954,1690,Active,NA,NA,https://www.redfin.com/CA/Los-Angeles/211-Elm-Ct-90067/unit-14C/home/186062133,TheMLS,23-289157,N,Y,34.0578185,-118.4164304
MLS Listing,NA,Condo/Co-op,400 Broadway #2414,Los Angeles,CA,90013,880000,1,1,C42 - Downtown L.A.,903,36280,2021,105,975,782,Active,NA,NA,https://www.redfin.com/CA/Los-Angeles/400-S-Broadway-90013/unit-2414/home/173209633,CRMLS,OC23097641,N,Y,34.0492595,-118.2494055
MLS Listing,NA,Condo/Co-op,655 S Hope St #1006,Los Angeles,CA,90017,525000,1,1,Downtown L.A.,660,11674,1964,107,795,913,Active,NA,NA,https://www.redfin.com/CA/Los-Angeles/655-S-Hope-St-90017/unit-1006/home/28647349,TheMLS,23-284405,N,Y,34.0483388,-118.2576416
MLS Listing,NA,Condo/Co-op,215 W 7th St #803,Los Angeles,CA,90014,475000,1,1,Downtown L.A.,707,NA,1911,113,672,638,Active,NA,NA,https://www.redfin.com/CA/Los-Angeles/215-W-7th-St-90014/unit-803/home/17239311,TheMLS,23-284349,N,Y,34.0449167,-118.2526731
MLS Listing,NA,Condo/Co-op,889 Francisco St #2501,Los Angeles,CA,90017,697900,1,2,C42 - Downtown L.A.,780,98910,2017,116,895,680,Active,NA,NA,https://www.redfin.com/CA/Los-Angeles/889-Francisco-St-90017/unit-2501/home/125604751,CRMLS,TR23108685,N,Y,34.0480073,-118.264768
MLS Listing,NA,Condo/Co-op,108 W 2nd St #507,Los Angeles,CA,90012,745000,1,1,Downtown L.A.,1250,19153,1910,117,596,717,Active,NA,NA,https://www.redfin.com/CA/Los-Angeles/108-W-2nd-St-90012/unit-507/home/8151314,TheMLS,23-280095,N,Y,34.0509671,-118.2448504
MLS Listing,NA,Condo/Co-op,460 S Spring St #703,Los Angeles,CA,90013,585000,1,1,Downtown L.A.,710,30787,1912,117,824,773,Active,NA,NA,https://www.redfin.com/CA/Los-Angeles/460-S-Spring-St-90013/unit-703/home/17228238,TheMLS,23-282121,N,Y,34.0475743,-118.249297
MLS Listing,NA,Condo/Co-op,655 S Hope St #803,Los Angeles,CA,90017,509999,1,1,Downtown L.A.,710,NA,1964,121,718,925,Active,NA,NA,https://www.redfin.com/CA/Los-Angeles/655-S-Hope-St-90017/unit-803/home/28647353,TheMLS,23-281441,N,Y,34.0483388,-118.2576416
MLS Listing,NA,Condo/Co-op,267 S San Pedro St #217,Los Angeles,CA,90012,299000,1,1,Downtown L.A.,690,64651,2006,121,433,771,Active,NA,NA,https://www.redfin.com/CA/Los-Angeles/267-S-San-Pedro-St-90012/unit-217/home/8183576,TheMLS,23-280903,N,Y,34.0479649,-118.242539
MLS Listing,NA,Condo/Co-op,1100 Wilshire Blvd #2610,Los Angeles,CA,90017,559000,1,1,Downtown L.A.,680,27098,1986,122,822,1119,Active,NA,NA,https://www.redfin.com/CA/Los-Angeles/1100-Wilshire-Blvd-90017/unit-2610/home/17237295,TheMLS,23-280935,N,Y,34.0521526,-118.2638542
MLS Listing,NA,Condo/Co-op,849 S Broadway #610,Los Angeles,CA,90014,845000,1,1,Downtown L.A.,1200,22844,1930,126,704,1556,Active,NA,NA,https://www.redfin.com/CA/Los-Angeles/849-S-Broadway-90014/unit-610/home/17226010,TheMLS,23-271435,N,Y,34.0428165,-118.2561113
MLS Listing,NA,Condo/Co-op,812 S Spring St #2,Los Angeles,CA,90014,1149000,1,2,Downtown L.A.,1640,2064,1914,128,701,1250,Active,NA,NA,https://www.redfin.com/CA/Los-Angeles/812-S-Spring-St-90014/unit-2/home/12289183,TheMLS,23-278533,N,Y,34.0426156,-118.2537665
MLS Listing,NA,Condo/Co-op,877 Francisco St #1722,Los Angeles,CA,90017,680000,1,1,Downtown L.A.,714,128921,2017,137,952,698,Active,NA,NA,https://www.redfin.com/CA/Los-Angeles/877-Francisco-St-90017/unit-1722/home/167455498,TheMLS,23-260271,N,Y,34.0484553,-118.2634744
MLS Listing,NA,Condo/Co-op,121 S Hope St #320,Los Angeles,CA,90012,500000,1,1,Downtown L.A.,865,NA,1980,143,578,982,Active,NA,NA,https://www.redfin.com/CA/Los-Angeles/121-S-Hope-St-90012/unit-320/home/6933388,TheMLS,23-273565,N,Y,34.0560037,-118.2507228
MLS Listing,NA,Condo/Co-op,10375 Wilshire Blvd Unit MR1,Los Angeles,CA,90024,295000,1,1,Westwood - Century City,253,93248,1958,148,1166,300,Active,NA,NA,https://www.redfin.com/CA/Los-Angeles/10375-Wilshire-Blvd-90024/unit-MR1/home/17243461,TheMLS,23-272163,N,Y,34.067683100000004,-118.4286885
MLS Listing,NA,Condo/Co-op,1155 S Grand Ave #916,Los Angeles,CA,90015,998000,1,2,Downtown L.A.,1400,52748,2008,149,713,979,Active,NA,NA,https://www.redfin.com/CA/Los-Angeles/1155-S-Grand-Ave-90015/unit-916/home/21919733,TheMLS,23-271579,N,Y,34.0405359,-118.2633243
PAST SALE,November-6-2012,Condo/Co-op,525 S La Fayette Park Pl #209,Los Angeles,CA,90057,299000,1,1,Downtown L.A.,739,21285,1979,151,405,275,Pending,NA,NA,https://www.redfin.com/CA/Los-Angeles/525-S-La-Fayette-Park-Pl-90057/unit-209/home/6934811,TheMLS,23-247313,N,Y,34.0640356,-118.2829871
MLS Listing,NA,Condo/Co-op,1100 Wilshire Blvd #2909,Los Angeles,CA,90017,528000,1,1,Downtown L.A.,750,27098,1986,151,704,1141,Active,NA,NA,https://www.redfin.com/CA/Los-Angeles/1100-Wilshire-Blvd-90017/unit-2909/home/17236551,TheMLS,22-180785,N,Y,34.0521526,-118.2638542
MLS Listing,NA,Condo/Co-op,215 W 7th St #303,Los Angeles,CA,90014,450000,1,1,C42 - Downtown L.A.,650,NA,1911,158,692,638,Contingent,NA,NA,https://www.redfin.com/CA/Los-Angeles/215-W-7th-St-90014/unit-303/home/17239143,CRMLS,P1-13517,N,Y,34.0449167,-118.2526731
MLS Listing,NA,Condo/Co-op,900 W Olympic Blvd Unit 34G,Los Angeles,CA,90015,1275000,1,2,Downtown L.A.,1200,399270,2010,162,1063,2500,Active,NA,NA,https://www.redfin.com/CA/Los-Angeles/900-W-Olympic-Blvd-90015/unit-34G/home/51584632,TheMLS,23-267565,N,Y,34.0451611,-118.2666712
MLS Listing,NA,Condo/Co-op,900 W Olympic Blvd Unit 39C,Los Angeles,CA,90015,1390000,1,2,Downtown L.A.,1400,399281,2010,167,993,2500,Active,NA,NA,https://www.redfin.com/CA/Los-Angeles/900-W-Olympic-Blvd-90015/unit-39C/home/40044975,TheMLS,23-265495,N,Y,34.0451611,-118.2666712
MLS Listing,NA,Condo/Co-op,1100 S Hope St #1406,Los Angeles,CA,90015,720000,1,1,Downtown L.A.,990,41205,2007,184,727,886,Active,NA,NA,https://www.redfin.com/CA/Los-Angeles/1100-S-Hope-St-90015/unit-1406/home/17228453,TheMLS,23-260201,N,Y,34.0418431,-118.2632115
PAST SALE,October-3-2023,Condo/Co-op,1100 Wilshire Blvd #1805,Los Angeles,CA,90017,460000,1,1,Downtown L.A.,770,27098,1986,185,597,1149,Pending,NA,NA,https://www.redfin.com/CA/Los-Angeles/1100-Wilshire-Blvd-90017/unit-1805/home/17237026,TheMLS,23-250569,N,Y,34.0521526,-118.2638542
MLS Listing,NA,Condo/Co-op,645 W 9th St #644,Los Angeles,CA,90015,525000,1,1,C42 - Downtown L.A.,820,74818,2006,187,640,807,Contingent,NA,NA,https://www.redfin.com/CA/Los-Angeles/645-W-9th-St-90015/unit-644/home/17228366,CRMLS,P1-13166,N,Y,34.0456361,-118.2608972
